{
    "name": "root",
    "metadata": {
        "timer_format_version": "0.1.0",
        "start_time_seconds": "1723378969",
        "python_version": "3.9.13 (tags/v3.9.13:6de2ca5, May 17 2022, 16:36:42) [MSC v.1929 64 bit (AMD64)]",
        "command_line_arguments": "C:\\Users\\Andrzej\\AppData\\Local\\Packages\\PythonSoftwareFoundation.Python.3.9_qbz5n2kfra8p0\\LocalCache\\local-packages\\Python39\\Scripts\\mlagents-learn .\\trainer_config.yaml --run-id=014 --train --no-graphics",
        "mlagents_version": "0.30.0",
        "mlagents_envs_version": "0.30.0",
        "communication_protocol_version": "1.5.0",
        "pytorch_version": "2.0.1+cpu",
        "numpy_version": "1.23.5",
        "end_time_seconds": "1723383534"
    },
    "total": 4564.6038308,
    "count": 1,
    "self": 0.010238299999400624,
    "children": {
        "run_training.setup": {
            "total": 0.5330153000000024,
            "count": 1,
            "self": 0.5330153000000024
        },
        "TrainerController.start_learning": {
            "total": 4564.0605772,
            "count": 1,
            "self": 0.0005969000003460678,
            "children": {
                "TrainerController._reset_env": {
                    "total": 29.552434800000007,
                    "count": 1,
                    "self": 29.552434800000007
                },
                "TrainerController.advance": {
                    "total": 4533.7688109,
                    "count": 1,
                    "self": 3.329999981360743e-05,
                    "children": {
                        "env_step": {
                            "total": 4533.7687776,
                            "count": 1,
                            "self": 4533.7687695,
                            "children": {
                                "SubprocessEnvManager._take_step": {
                                    "total": 8.100000002286833e-06,
                                    "count": 1,
                                    "self": 8.100000002286833e-06
                                }
                            }
                        }
                    }
                },
                "trainer_threads": {
                    "total": 1.100000190490391e-06,
                    "count": 1,
                    "self": 1.100000190490391e-06
                },
                "TrainerController._save_models": {
                    "total": 0.7387334999993982,
                    "count": 1,
                    "self": 0.0020528999993985053,
                    "children": {
                        "RLTrainer._checkpoint": {
                            "total": 0.7366805999999997,
                            "count": 1,
                            "self": 0.7366805999999997
                        }
                    }
                }
            }
        }
    }
}