{
    "name": "root",
    "metadata": {
        "timer_format_version": "0.1.0",
        "start_time_seconds": "1722977707",
        "python_version": "3.9.13 (tags/v3.9.13:6de2ca5, May 17 2022, 16:36:42) [MSC v.1929 64 bit (AMD64)]",
        "command_line_arguments": "C:\\Users\\Andrzej\\AppData\\Local\\Packages\\PythonSoftwareFoundation.Python.3.9_qbz5n2kfra8p0\\LocalCache\\local-packages\\Python39\\Scripts\\mlagents-learn .\\trainer_config.yaml --run-id=012 --train --no-graphics --force",
        "mlagents_version": "0.30.0",
        "mlagents_envs_version": "0.30.0",
        "communication_protocol_version": "1.5.0",
        "pytorch_version": "2.0.1+cpu",
        "numpy_version": "1.23.5",
        "end_time_seconds": "1723047232"
    },
    "total": 69525.2606804,
    "count": 1,
    "self": 0.024770399992121384,
    "children": {
        "run_training.setup": {
            "total": 0.3382732000000006,
            "count": 1,
            "self": 0.3382732000000006
        },
        "TrainerController.start_learning": {
            "total": 69524.8976368,
            "count": 1,
            "self": 0.04428790000383742,
            "children": {
                "TrainerController._reset_env": {
                    "total": 28.0316765,
                    "count": 1,
                    "self": 28.0316765
                },
                "TrainerController.advance": {
                    "total": 69494.786438,
                    "count": 1,
                    "self": 0.0010915999882854521,
                    "children": {
                        "env_step": {
                            "total": 69494.7853464,
                            "count": 1,
                            "self": 69494.78533940001,
                            "children": {
                                "SubprocessEnvManager._take_step": {
                                    "total": 6.999999996537554e-06,
                                    "count": 1,
                                    "self": 6.999999996537554e-06
                                }
                            }
                        }
                    }
                },
                "trainer_threads": {
                    "total": 4.2000028770416975e-06,
                    "count": 1,
                    "self": 4.2000028770416975e-06
                },
                "TrainerController._save_models": {
                    "total": 2.035230199995567,
                    "count": 1,
                    "self": 0.015826899994863197,
                    "children": {
                        "RLTrainer._checkpoint": {
                            "total": 2.019403300000704,
                            "count": 1,
                            "self": 2.019403300000704
                        }
                    }
                }
            }
        }
    }
}